[
  {
    "id": "d44b3d3b-004b-4f8e-9307-575190873a5c",
    "userId": "f420c590-dea8-4b03-98c9-1b0614065c57",
    "date": "2025-10-13",
    "mood": {
      "energy": "high",
      "happiness": "very-high",
      "stress": "low",
      "anxiety": "low",
      "motivation": "high"
    },
    "notes": "test",
    "tags": [],
    "isPrivate": false,
    "createdAt": "2025-10-13T13:41:00.913Z",
    "updatedAt": "2025-10-13T13:41:00.913Z"
  },
  {
    "id": "97cae3c2-a577-4ce7-9d22-b6cd73d1b366",
    "userId": "c21d36b2-60e8-4af1-ab28-b74b7fc5a213",
    "date": "2025-10-13",
    "mood": {
      "energy": "high",
      "happiness": "very-high",
      "stress": "low",
      "anxiety": "low",
      "motivation": "high"
    },
    "notes": ":))",
    "tags": [],
    "isPrivate": false,
    "createdAt": "2025-10-13T13:41:30.234Z",
    "updatedAt": "2025-10-13T13:41:30.234Z"
  }
]