[
  {
    "id": "9dcc3380-39a4-4c4a-9b19-ab31f8ea71ef",
    "email": "test@example.com",
    "username": "testuser",
    "password": "$2a$12$VJ.1DxUkV5DTTWBfM7XqyeuMxGbOaIiSphYgSx7m4QJV8QsTfON1y",
    "firstName": "Test",
    "lastName": "User",
    "createdAt": "2025-10-12T16:56:31.652Z",
    "updatedAt": "2025-10-12T16:56:41.732Z"
  },
  {
    "id": "3b774cf7-cec2-4878-bb8d-3ea1623d57cc",
    "email": "mais3@example.com",
    "username": "mais3",
    "password": "$2a$12$l90pB0HUgG1u2U9YJh0wp.WsizZi1/NEWDy5xJ4lfbWude55JZrhe",
    "firstName": "Mais",
    "lastName": "Test",
    "createdAt": "2025-10-12T17:06:51.009Z",
    "updatedAt": "2025-10-12T17:06:51.009Z"
  },
  {
    "id": "680dc483-4ed5-494b-8a24-3d18906a4035",
    "email": "mais2@example.com",
    "username": "mais2",
    "password": "$2a$12$XHNNlr/lQz4FPS6RJKxfKuXak1BS8/qes6OSwzcvNg2CCHh4Y3o/S",
    "firstName": "Mais",
    "lastName": "Smith",
    "createdAt": "2025-10-12T17:07:32.951Z",
    "updatedAt": "2025-10-12T17:08:16.207Z"
  },
  {
    "id": "6ef2c411-a797-4508-a063-f4432f1f671f",
    "email": "mais5@example.com",
    "username": "mais5",
    "password": "$2a$12$1K8kel32GkrxngvrCN5ziebz/uZaLRPXWdpaOAJQvcWhlMZUMSJRS",
    "firstName": "Mais",
    "lastName": "Test",
    "createdAt": "2025-10-12T17:14:28.593Z",
    "updatedAt": "2025-10-12T17:14:28.593Z"
  },
  {
    "id": "e2157220-3a71-4782-8104-cc17969ddefe",
    "email": "mais8@example.com",
    "username": "mais8",
    "password": "$2a$12$b60D7gG5l0xgzU10xy..xuBZC53fiz8ecbAB3OZUfcQ9TiL9CtaE6",
    "firstName": "Mais",
    "lastName": "Test",
    "createdAt": "2025-10-12T17:31:40.240Z",
    "updatedAt": "2025-10-12T17:31:40.240Z"
  },
  {
    "id": "db756de5-326b-41c0-9502-7853df64d9fc",
    "email": "mais10@example.com",
    "username": "mais10",
    "password": "$2a$12$jxg2TjuRxzTB0D649yXhnOPU8M5rzgZXPl.mv1qqbaAoavjwjSR.y",
    "firstName": "Mais",
    "lastName": "Test",
    "createdAt": "2025-10-12T17:43:24.110Z",
    "updatedAt": "2025-10-12T17:43:24.110Z"
  },
  {
    "id": "7a85ddc2-c24a-4536-b409-d3dfdf4d5810",
    "email": "mais11@example.com",
    "username": "mais11",
    "password": "$2a$12$QQsq3bM7SqyYKuWai046a.DHnM.ltmMZvITF85p85ow78EX5cUr3a",
    "firstName": "Mais",
    "lastName": "Test",
    "createdAt": "2025-10-12T18:41:21.803Z",
    "updatedAt": "2025-10-12T18:41:21.803Z"
  },
  {
    "id": "c21d36b2-60e8-4af1-ab28-b74b7fc5a213",
    "email": "mais12@example.com",
    "username": "mais12",
    "password": "$2a$12$ojblzPlhFipPIMiTRY/jLuKSaUuzBmFTsRj2NoHbKP6CiXtB2bT9i",
    "firstName": "Mais",
    "lastName": "Test",
    "createdAt": "2025-10-13T13:34:06.469Z",
    "updatedAt": "2025-10-13T13:34:06.469Z"
  },
  {
    "id": "f420c590-dea8-4b03-98c9-1b0614065c57",
    "email": "mais13@example.com",
    "username": "mais13",
    "password": "$2a$12$7ZIcitIAuSOymKWch6nv5eXGkOZN1XL600t2Va8CogVPrGB6or/7S",
    "firstName": "Mais",
    "lastName": "Test",
    "createdAt": "2025-10-13T13:40:35.222Z",
    "updatedAt": "2025-10-13T13:40:35.222Z"
  }
]